,gl,eu,cbam
AUS_ADM+,0.008743023045495986,-0.0001410165007335044,0.00098711550513661
AUS_AGRagr,0.0,0.0,0.0
AUS_CNS+,-0.006618487894944111,-0.010276073310570606,-0.026543619873405998
AUS_COMpub,0.0,0.0,0.0
AUS_ENRcoa,2.5764609498512763,0.0,0.11016937006166809
AUS_ENRele,0.014608029719938177,0.0,0.0
AUS_FD+,0.5000225319176976,0.0,0.0
AUS_FINser,0.1186872171692285,0.08754479867001463,0.08650671805337383
AUS_HEA+,0.0,0.0,0.0
AUS_MANfoo,0.6379460619386511,0.0,0.0
AUS_MANmet,0.0,0.0,0.0
AUS_MANwoo,0.0,0.0,0.0
AUS_MIN+,-0.17325033817985697,-0.22305981040656128,-0.42099832177704366
AUS_PROleg,0.30505984764852584,0.04222785480576253,0.11081171554201832
AUS_RES+,0.0013605975518383821,5.6691564660019666e-05,0.0
AUS_TRAinl,-3.2345114013948826,0.0,0.28126186099083683
AUS_TRDmot,-0.054434392370538945,-0.011395356534616619,-0.01175855514926564
AUT_ADM+,0.0,0.0,0.0
AUT_CNS+,-0.0009333128979620881,0.008399816081679435,-0.009333128979641522
AUT_COMpub,0.0,0.0,0.0
AUT_ENRele,0.015793364442416215,-0.03093545612432033,-0.030447001553936325
AUT_ENRgas,4.398377083920523,-0.7141050035381211,-0.6234849369952795
AUT_FD+,0.0,0.0,0.0
AUT_MANfmp,0.0340184847405862,-0.01700924237029307,-0.014741343387587334
AUT_MANfoo,0.0,0.0,0.0
AUT_MANmac,-3.4101354088479177,0.16076270029840922,-3.3786189801922943
AUT_MANmet,-0.5129743329100236,-0.29966524388202176,-0.2065038485639617
AUT_MANmot,2.5020686366849993,0.1278888739299599,3.243272191255467
AUT_MANpap,0.0,-0.025008588087220677,0.0
AUT_MANwoo,0.03371986493033926,0.04425732272106985,0.01896742402331565
AUT_PROleg,-0.0158877456485558,0.008130787478966731,0.0073364001965387695
AUT_RES+,-0.0021643660826087246,0.015150562578265062,-0.005410915206523806
AUT_TRAwar,0.0,0.0,0.0
AUT_TRDmot,-0.3444882841501176,0.2160211568067219,0.6038773247096983
BEL_ADM+,-0.01991526558925631,0.0,0.0
BEL_CNS+,-0.03379388206599969,0.021343504462736165,0.02774655580155636
BEL_ENRoil,0.3174356381403883,-0.0019675762694652105,-0.09772295471677231
BEL_FD+,-0.07752927874546887,0.0,0.0
BEL_FINser,1.1327297426637923,0.020675484857652828,-0.08772142130356864
BEL_MANche,0.051733925436877784,-0.014271427706724881,-0.0009307452852211847
BEL_MANfoo,0.12775409239680524,0.7926190072959225,0.039685313808369864
BEL_MANmet,0.013310398861491195,-0.030669765208820598,-0.02580635024019879
BEL_MANwoo,0.0,0.0,0.0
BEL_PROleg,0.17955659215925546,0.051414349660440964,0.08926354699586628
BEL_PUB+,0.0,0.0,0.0
BEL_RES+,-0.06668413614774293,0.02703410924908419,0.0324409310989028
BEL_TRAinl,0.0,0.0,0.0
BEL_TRAwar,-2.1405971280403477,-0.026510333869518173,-0.02695966156222089
BEL_TRDmot,-0.023070161358808836,0.0561055403459785,0.024162240003012456
BGR_AGRagr,0.26219747569364577,0.20915752832050366,0.6194665551693387
BGR_CNS+,0.8395511383787493,-0.42041775516977636,-0.4193474452024398
BGR_COMcom,0.0,0.0,0.0
BGR_ENRele,-0.8218856642231029,0.411047477599739,0.411047477599739
BGR_ENRoil,1.0293584404207357,-0.5114010086166715,-0.5148103486741153
BGR_FINser,0.0,0.0,0.0
BGR_HEA+,0.0,0.0,0.0
BGR_MANfoo,0.0,0.0,0.0
BGR_MANmet,0.544828174352638,-0.07592649193602537,-0.2001409620070895
BGR_MANpri,0.0,0.0,0.0
BGR_MANwoo,0.0,0.0,0.0
BGR_PROleg,0.0,0.0,0.0
BGR_PUB+,0.0,0.0,0.0
BGR_RES+,0.0,0.0,0.0
BGR_TRAinl,0.7699923764604416,-0.25424643145363274,-0.2497132551414184
BGR_TRDmot,1.367144003141898,0.5526111130936292,1.6381070129830488
BRA_ADM+,0.005733344733777904,0.0,0.0
BRA_AGRagr,-0.014190483591912138,0.0026278673318357424,-0.0005255734663669547
BRA_CNS+,0.010769896240221974,0.0,0.0
BRA_COMcom,0.0,0.0,0.0
BRA_ENRele,-2.140424580382826,0.0,0.0
BRA_ENRoil,0.05611448645005586,-0.0013565412408321107,-0.02597280180618739
BRA_EXT+,0.0,0.0,0.0
BRA_FD+,0.0,0.0,0.0
BRA_FINser,0.0,0.0,0.0
BRA_MANche,0.12846767938040668,0.0,0.0
BRA_MANfoo,-0.019931869530402352,0.004745683221524661,-0.0009491366443045823
BRA_MANfur,0.0,-0.0005697934054413127,-0.0005697934054413127
BRA_MANmet,-0.21917478795520887,0.00776114688226647,0.12510968774213752
BRA_MANmot,0.003215244298661166,-0.0002679370248885951,0.0
BRA_MANpap,0.016640816093002893,0.0,0.0
BRA_MIN+,0.04162592430873239,-0.0015136699748630772,0.0003027339949730618
BRA_PROleg,0.0017629093717121973,0.0,0.0
BRA_PUB+,0.0,0.0,0.0
BRA_RES+,0.0,0.0,0.0
BRA_TRAinl,0.07681748998583716,-0.0016758213860392436,-0.04254423970362707
BRA_TRDmot,0.09175652134331236,-0.0026109579244035213,-0.04886221258525936
CAN_ADM+,0.0,0.0,0.0
CAN_AGRagr,0.0,0.0,0.0
CAN_AGRfor,0.0,0.0,0.0
CAN_CNS+,0.05446725188730333,-0.012262260896094005,-0.011691923179995728
CAN_COMpub,0.0,0.0,0.0
CAN_ENRoil,-1.134360172385649,0.012598045392752302,0.012061958354762044
CAN_FD+,0.0,0.0,0.0
CAN_FINser,0.0,0.0,0.0
CAN_HEA+,0.0,0.0,0.0
CAN_MANfoo,0.0,0.0,0.0
CAN_MANmet,-2.7557652120070237,0.009073544912536839,0.011665986316117427
CAN_MANmot,-0.006715425020108795,-0.0009948777807563833,-0.0007461583355686626
CAN_MANpla,0.0,0.0,0.0
CAN_MANwoo,0.0,0.0,0.0
CAN_MIN+,0.0,0.0,0.0
CAN_PUB+,0.0005214253534136428,0.0,0.0
CAN_RES+,0.06704242960685623,-0.015093321848663981,-0.014391306878957595
CAN_TRAinl,-0.3078986030010656,0.07864801272309853,0.07530128877743428
CAN_TRDmot,0.047287633831750206,-0.01139753225688496,-0.010670030197935618
CHE_CNS+,-0.014532693651598459,0.021799040477394338,0.02543221389029228
CHE_ENRele,0.04058860412739148,0.01029760302408283,0.010498205680396194
CHE_ENRoil,0.7356112864587561,0.03950307343828004,-0.18737268617345612
CHE_FINser,0.22196155608304652,0.004964929543962957,0.019859718175851287
CHE_MANcom,0.05972027543967111,0.0,0.0012982668573849347
CHE_MANfoo,-3.3166247903554,0.0,0.0
CHE_MANmac,0.036945866446884794,-0.0022619918232786324,-0.0022619918232786324
CHE_MANpha,-0.4388097147157126,-0.006648632041148261,-0.005663649516534175
CHE_MANwoo,0.0,0.0,0.0
CHE_PROleg,0.11739354049080089,0.0002055928905263547,0.03495079138955532
CHE_PUB+,0.003945864721599602,-0.0024661654509998076,0.003945864721599602
CHE_RES+,-0.026877737331510082,-0.026877737331510082,-0.026877737331510082
CHE_TRDmot,0.3044486574991199,0.004307166412867398,-0.1822611471550966
CHN_ADM+,1.3305349503630546,0.06177759490948526,-1.2177908396532435
CHN_AGRagr,0.022646532052618556,0.02743714460221119,-0.154823887398195
CHN_CNS+,0.0,0.0,0.0
CHN_COMcom,0.0,0.0,0.0
CHN_ENRele,-0.207549067491652,-0.011023091596673536,1.8389666237993283
CHN_ENRoil,-0.14157768708272905,0.18256205756100824,0.6079648822488152
CHN_FD+,0.04012720646341755,0.06019080969512633,0.07660648506652443
CHN_FINser,-0.009989527444982087,0.0,0.0
CHN_MANche,-0.4431950544204545,0.021940349228735705,1.5078661724228588
CHN_MANcom,-0.8089978712043818,-0.15440387444199094,0.02877639727572136
CHN_MANele,2.106790665408241,0.10497189587539772,-7.561837064050347
CHN_MANfmp,1.8913014783659208,0.051929828628286205,-2.3752190022866584
CHN_MANfoo,0.2053188058082107,0.01923557040158407,-1.4677576545556403
CHN_MANfur,0.6122669799741135,0.0,-0.0011718028324865168
CHN_MANmac,-3.3790901906675743,0.029244587362810135,-4.103691860094334
CHN_MANmet,3.2110545745395394,0.005157739490167975,0.006324648877083885
CHN_MANmot,3.459157177613527,-0.000886935186402708,-0.088513932590132
CHN_MANpap,0.21765266364947655,0.0032525927319971503,0.0054209878866617505
CHN_MANpha,-1.5463969048406248,0.06599433892524285,0.17705500905005012
CHN_MANpla,-1.2898913478675507,0.05638930217328223,0.10601337494937467
CHN_MANtex,1.3103618164505455,0.04195395356832041,0.06747594198904791
CHN_MANwoo,0.7935811189578615,0.0,0.0
CHN_PROleg,0.2483860351401068,0.08015012635511565,3.553983573082963
CHN_RES+,0.0,0.0,0.0
CHN_TRAinl,3.1963937788956343,0.022826840750934947,-0.04528092859672349
CHN_TRDmot,0.31512179732992196,0.05014500962536363,1.175152699255475
CYP_CNS+,0.7275494025672291,-0.0003591063191354115,-0.0003591063191354115
CYP_ENRele,0.0,0.0,0.0
CYP_ENRgas,0.0,0.0,0.0
CYP_FD+,0.0,0.0,0.0
CYP_FINser,0.14919139547021953,0.0,-0.0008080282374060184
CYP_MANfoo,0.0,0.0,0.0
CYP_MANwoo,0.0,0.0,0.0
CYP_PUB+,0.0,0.0,0.0
CYP_TRAwar,0.0,-0.00028956827886815993,-0.00028956827886815993
CYP_TRAwat,0.0,0.0,0.0
CYP_TRDmot,0.0019122227557897644,0.0017383843234461723,0.0017383843234461723
CZE_ADM+,0.0,0.0,0.0
CZE_CNS+,0.0,0.0,0.0
CZE_ENRele,-0.0004749045123734511,0.0,0.0
CZE_FD+,0.0,0.0,0.0
CZE_FINser,0.0,0.0,0.0
CZE_MANfmp,0.0674361073509136,0.09089214469036182,0.09089214469036182
CZE_MANfoo,0.0,0.0,0.0
CZE_MANmac,0.0,0.0,0.0
CZE_MANmet,-0.6400651735904288,64.0065173590333,641.0252713507186
CZE_MANmot,-0.04829952595106195,-0.03759286535794999,0.04484576446941265
CZE_MANpla,0.0,0.03248892383247579,0.03248892383247579
CZE_MANwoo,-0.5622205563860976,0.0,0.0
CZE_MIN+,0.0,0.0,0.0
CZE_PROleg,0.0,0.0,0.0
CZE_RES+,0.0006310906942291249,0.0009466360413431059,0.0012621813884582497
CZE_TRAinl,0.00035022008394820363,-0.00011674002798266281,-0.0015176203637750469
CZE_TRAwar,-0.0028171497427303977,-0.0028171497427303977,-0.0028171497427303977
CZE_TRDmot,-0.26769957612930956,-0.14604854310511745,-0.029108753406896615
DEU_ADM+,0.02230694731120786,-0.0045926067993660395,0.0820108357029694
DEU_CNS+,0.35972741901893257,-0.04323040035578425,2.0542328928186384
DEU_COMcom,0.6593753664268501,0.2985283866475447,-0.28397543787551044
DEU_COMpub,-0.04024788907944409,0.03018591680958307,0.05030986134930512
DEU_ENRcoa,0.0,0.0,0.0
DEU_ENRele,2.941312093551585,-0.025750328249099258,0.04678663759676129
DEU_ENRgas,0.0,0.0022691725069019907,0.0022691725069019907
DEU_ENRoil,0.05956021733731658,-0.0023094778151204393,-0.00316033806279639
DEU_FINser,1.4178696614253266,-0.4188849231301073,0.41626297684341096
DEU_HEA+,0.0010436987030569376,0.0,0.0
DEU_MANche,0.14304281085700346,0.026060236465376727,0.04411488368447079
DEU_MANcom,1.3406221787433261,-0.0022468528135355997,0.07264824097100786
DEU_MANele,-0.18885571130587095,-0.06287145405134763,-0.15325671141115382
DEU_MANfmp,-0.05466849263155024,-0.07650657681948878,0.07914473464085016
DEU_MANfoo,0.12026745903225648,0.21004795739166546,-0.533721857448536
DEU_MANmac,-3.3450478023105554,0.02674575808432418,-3.4540488879280984
DEU_MANmet,-0.6717742232153512,-1.2239277855489208,-2.098004690566069
DEU_MANmot,3.586280847706722,-0.004437939584002406,3.45378115593495
DEU_MANpap,-0.08823171167944471,0.1924273408566899,-0.02972921162763524
DEU_MANpha,0.8538287331581689,-0.1866088949803966,-0.18341899933970607
DEU_MANpla,0.4386294620979425,0.12441012318786084,0.43674446023145974
DEU_MANpri,0.0,0.0,-0.03302356411542472
DEU_MANtra,-0.05224011050396716,-0.0626881326047606,-0.06617080663835861
DEU_MANwoo,0.0,0.0,0.0
DEU_MIN+,0.0,0.0,0.0
DEU_PROleg,0.3226813669465486,0.006797754524992026,-0.44967511653494474
DEU_PUB+,0.02987609992936768,0.05576871986815384,-0.38606560242061194
DEU_RES+,1.489161390807064,-0.4115281311558201,0.6911947270090658
DEU_TRAwar,0.10458140187857637,0.11225737091409646,0.11537481427718115
DEU_TRAwat,-0.0016445246370270705,0.0006852185987612584,0.0008222623185135352
DEU_TRDmot,3.795166020975015,0.20330355833019703,1.436592412031039
DEU_WATwst,0.03757302173662738,-0.03354734083627502,-0.03019260675264795
DNK_ADM+,0.0,0.0,0.0
DNK_CNS+,-0.009841256949454626,0.0007886721597122824,-0.0013030235682208642
DNK_COMpub,-0.07686427189106008,-0.028258923489360373,-0.07008213025361364
DNK_ENRele,0.0,0.0,0.0
DNK_FD+,-0.0796815469780727,-0.013998109604255625,-0.013998109604255625
DNK_MANfmp,0.0,0.0,0.0
DNK_MANfoo,-0.007656666315890545,-0.012442082763321363,-0.012442082763321363
DNK_MANmac,0.0,0.0,0.0
DNK_MANpha,0.08681280703976091,0.043406403519880454,0.08567053326292125
DNK_PROleg,-0.07578016401656695,-0.009241483416655006,-0.06006964220825413
DNK_RES+,-0.004819459684813181,-0.005163706805157524,-0.0010327413610330275
DNK_TRAwat,-0.8193552159989397,-0.03329567770997462,-0.022829573135698517
DNK_TRDmot,0.0016604856700241117,-0.002671216077865431,-0.0023102409322090334
ESP_ADM+,0.005041666129076594,-0.006623365306826442,-0.009687907463716637
ESP_AGRagr,-1.631093872384843,0.0,0.049427087041964725
ESP_CNS+,-0.0008158208869413059,-0.0002719402956469349,0.008974029756351358
ESP_ENRcoa,0.0,0.0,0.0
ESP_ENRele,2.576817433106127,-0.40627673557699107,-2.78449143190938
ESP_ENRoil,0.0,0.0019054103102257296,0.0009527051551127551
ESP_FD+,0.0053474189190843395,-0.006815337838048577,-0.010065729730040928
ESP_FINser,0.0,0.0,0.0
ESP_HEA+,0.0,-0.04300058442101162,0.04300058442101162
ESP_MANche,-0.0019934855131564224,-0.009967427565781653,-0.009967427565781653
ESP_MANfmp,0.0,0.006284556934466778,-0.0004488969238903364
ESP_MANfoo,-0.022090702997744613,-0.005202520633527061,-0.006883334992050716
ESP_MANmet,-0.0008620178295692373,-0.8408983927442782,-0.0012930267443534587
ESP_MANmot,-0.4392565917375113,0.003317230397010772,0.4940600022547941
ESP_MANpap,-0.003724625444623413,-0.008690792704122059,-0.004966167259498646
ESP_MANpha,-0.0022034265158424964,-0.011017132579212989,-0.011017132579212989
ESP_MANpri,-0.0037228822732247807,-0.008686725304190774,-0.004963843030965993
ESP_MANtex,-0.002802329352115419,0.0,0.0028023293521154255
ESP_PROleg,0.0,0.0,0.0
ESP_PUB+,0.0,0.0,0.0
ESP_RES+,0.0,-0.021151186778313714,0.042302373556627734
ESP_TRAinl,0.0,0.0,0.0
ESP_TRAwar,0.0,0.0,0.0
ESP_TRDmot,0.045408692694114745,-0.011384151126129515,-0.01381447552384167
EST_ADM+,0.005670705280602265,0.0028353526403011326,0.004253028960451699
EST_AGRagr,0.0,0.0,0.0
EST_CNS+,0.10445699022683831,0.09665564372105115,0.10045500078555811
EST_ENRele,-0.13806220830326904,-0.1333924571400702,-0.13481368575495678
EST_FD+,0.005678580498170999,0.0028392902490854996,0.004258935373628249
EST_MANfmp,-2.517393115351676,0.12000195456211672,0.11741036305514162
EST_MANfoo,0.0,0.0,0.0
EST_MANmet,0.0,0.0,0.0
EST_MANpri,0.0,0.0,0.0
EST_MANwoo,0.007009454247513163,0.001609313475194397,0.004863702947253967
EST_PROleg,0.0,0.0,0.0
EST_PUB+,0.0,0.0,0.0
EST_RES+,0.10616533173808063,0.09823639813591555,0.10209789177333307
EST_TRAinl,7.898681003809076,-0.36834019386957956,-0.03888884481149544
EST_TRAwar,0.0012433358687487007,-0.0012433358687487415,0.0
EST_TRDmot,0.0890326982891774,0.0813020542426046,0.08568854328026651
EST_WATwat,-0.030047703313462883,0.0,-0.0019385615040942354
FIN_CNS+,0.10963498225884322,-0.05609592025116808,0.03494372932773007
FIN_ENRcoa,-2.4606916474767453,-0.022009764288702018,-3.283856831874154
FIN_ENRele,-0.05159659615933622,-0.009154234802462873,-0.06861052750936796
FIN_ENRoil,-1.2282956628542032,-0.14017796152358775,0.6141478314271019
FIN_FD+,-0.004931790050743614,-0.003945432040594982,0.0009863580101486318
FIN_HEA+,0.07278341791859705,0.039755648442931245,0.10152980986963969
FIN_MANcom,-0.2757753891656396,0.2533313315192587,0.07497270320174097
FIN_MANfmp,0.0332248035483793,-0.005408688949736264,0.0332248035483793
FIN_MANfoo,0.0,0.0,0.0
FIN_MANmac,1.3151358930254728,0.010980724754113796,0.08706938315130275
FIN_MANmet,0.725922298908066,-0.1169937974714898,0.029821948375085693
FIN_MANpap,-0.2380061648622035,-0.002219988773875074,-0.011450468412614902
FIN_MANwoo,10.280855103487959,0.034199364469125415,10.241394298331276
FIN_PROleg,0.34024007421404795,-0.27125847380174833,0.11903216010994529
FIN_PUB+,0.06787300679158487,0.03215037163811925,0.08471367764964662
FIN_RES+,0.06685857867700216,-0.029746401530022084,0.021247429664301685
FIN_TRAinl,-0.30182166770298446,-0.03749850002749715,0.15182766759299554
FIN_TRDmot,0.06366258182103128,0.006724532452091758,0.05556007140744566
FRA_ADM+,-0.04785624577111967,0.10415771138420235,0.09878348057568112
FRA_AGRagr,1.0880865605988994,0.03362739922380709,-0.07806360534098056
FRA_CNS+,0.2841713619895758,0.21691186802754595,0.3595019952270486
FRA_COMpub,0.0,0.0,0.0
FRA_ENRele,0.23874445347574869,14.167991160951381,12.817592845979185
FRA_FD+,0.19260815778324206,0.013256431912207127,-0.021834123149517343
FRA_FINser,-0.8719677513870637,0.016174663654097192,0.7542831296279389
FRA_MANfmp,-0.015775993087709415,0.015775993087709415,0.015775993087709415
FRA_MANfoo,0.1749584839442829,0.009306302337461698,-0.02419638607740083
FRA_MANmet,-0.47684893005480966,-2.111961089621453,-3.182754988768202
FRA_MANmot,0.6059106135439564,-0.3794403288018502,-0.3483488564319839
FRA_MANtra,-0.026238305308446352,0.6980108069726412,0.7086738625546125
FRA_MANwoo,0.0,0.0,0.0
FRA_PROleg,-0.5283171362684399,0.19092888273196149,0.2536051151224532
FRA_PUB+,-0.4585949446162595,0.6998512420107542,1.129329047286299
FRA_RES+,0.6437744019437913,0.48911617283776826,0.8113843054084472
FRA_TRAinl,-0.0008580078332972844,0.0,0.0
FRA_TRAwar,0.0,0.0,0.0
FRA_TRDmot,0.3142363964287784,0.47559326574268657,0.5232962760830414
FRA_WATwst,0.8281835845377745,-1.2638720008932476,-2.039472500698465
GBR_ADM+,-0.052994677576249226,0.014054900864908874,0.026473272177054703
GBR_ART+,0.0,0.0,0.0
GBR_CNS+,0.8365476390095992,0.01458748552009881,0.007442594653110742
GBR_COMpub,0.006303546418133583,0.0,0.006303546418133583
GBR_ENRele,0.9633173171703514,-0.013130719317068293,0.08952763170728131
GBR_ENRgas,-0.17699793115369744,-0.10879689346144743,-0.17699793115369744
GBR_ENRoil,0.2205857147117785,-0.0046674070270202005,-0.03297624529959896
GBR_FD+,-0.008867809953698815,-0.0016257651581781615,0.5283736764078898
GBR_FINser,0.24466297378594196,0.033465982542020836,0.25867708206962353
GBR_MANfoo,-0.007505070002177522,-0.0012036433022360325,0.5063090149582204
GBR_MANmet,0.0,0.0,0.0
GBR_MANmot,-0.036613739646539196,0.0002860448409884989,0.0002860448409884989
GBR_MANpap,0.0,0.0,0.0
GBR_MANpha,0.0,0.0,0.0
GBR_MANpla,0.0,0.0,0.0
GBR_MANwoo,0.0,0.0,0.0
GBR_MIN+,0.0,0.0,0.0
GBR_PROleg,0.029617527286701667,-0.0016622081640499187,-0.001057768831668434
GBR_PUB+,-0.0008363813730133226,0.0,0.000731833701386597
GBR_RES+,0.08712323775103253,0.00026006936642091177,0.00026006936642091177
GBR_TRDmot,-0.28048438501390116,-0.014630333048414853,0.050883158316436354
GRC_ADM+,0.0,0.0,0.0
GRC_AGRagr,0.0,0.0,0.0
GRC_CNS+,0.1631442402305117,-0.00617811949525045,-0.16178295966376163
GRC_ENRele,-0.014463997417312843,-0.012321182985118093,-0.0482133247243745
GRC_ENRoil,0.11668845314195897,0.06389013382195695,0.016509492683546855
GRC_FD+,-0.0003842728873764714,-0.0003842728873764714,-0.0003842728873764714
GRC_FINser,-0.26795054578151123,0.010279432702615478,0.26486671597072653
GRC_HEA+,0.0,0.0,0.0
GRC_MANfoo,-0.013184512817303986,-0.006042901707931162,-0.01977676922595598
GRC_MANmet,-0.013347648807409726,-0.049946040698693996,-0.054251733862374335
GRC_PROleg,0.00019063524764937148,0.00019063524764937148,0.00019063524764937148
GRC_PUB+,0.0,0.01748893093963884,0.01748893093963884
GRC_RES+,-0.0007737926284778312,0.00012896543807959892,0.00012896543807959892
GRC_TRAwar,0.0,-0.02387946248937481,-0.02387946248937481
GRC_TRAwat,0.1270596461944012,0.1285393281500827,0.1285393281500827
GRC_TRDmot,0.24762612802732764,0.14211107041256532,0.04080007453163826
HRV_CNS+,0.4328656097768677,0.504730249126127,0.504730249126127
HRV_ENRele,0.0,0.0,0.0
HRV_ENRoil,-0.045825853023555886,-0.04584860667451084,-0.04584860667451084
HRV_EXT+,-2.2110831935703517,0.0,0.0
HRV_FINser,0.005083613531508185,0.005083613531508185,0.005083613531508185
HRV_HEA+,-0.1820645665787155,0.0,0.0
HRV_MANfoo,0.0,0.0,0.0
HRV_MANwoo,0.5452497568062035,0.5452497568062035,0.5452497568062035
HRV_PROleg,0.468228204114003,0.5459637651329309,0.5459637651329309
HRV_PUB+,0.0,0.0,0.0
HRV_RES+,0.0,0.0,0.0
HRV_TRAinl,-0.012505093003030565,-0.0028857906930070485,-0.0028857906930070485
HRV_TRDmot,0.014949592296825244,0.00340762765589511,0.0032977041831233588
HUN_ADM+,0.39226601846946146,0.4405126410619626,0.4447079995482666
HUN_AGRagr,0.0,0.0,0.0
HUN_CNS+,-0.11756550742093475,-0.12836657877409452,-0.12940514332728303
HUN_ENRele,-0.2553946300081005,-0.2533140220243279,-0.2533140220243279
HUN_ENRoil,-0.4875982687868612,-0.017359804435603563,-0.051644057709679905
HUN_FD+,0.0,0.0,0.0
HUN_FINser,0.0,0.0,0.0
HUN_MANfoo,-0.7962221879951435,-0.8024507839898907,-0.7962221879951435
HUN_MANmet,-0.0032514857382158324,-0.0032514857382158324,-0.0065029714764320385
HUN_MANmot,-0.01466988947819953,1.6551087070105972,1.6706415311639797
HUN_MANwoo,0.0,0.0,0.0
HUN_PROleg,0.0,0.0,0.0
HUN_RES+,-0.055395882419376694,-0.05799256440778471,-0.05828108462871941
HUN_TRAinl,-1.2563843948863422,-1.2492747014633794,-1.251306042441369
HUN_TRDmot,0.15522217425165538,0.14563652419260711,0.14846864807368948
IDN_AGRagr,-0.0023763716796053715,-0.00026404129773430863,-0.00026404129773430863
IDN_CNS+,0.0035472916457127512,0.0001689186497960825,0.0001689186497960825
IDN_COMpub,0.0,0.0,0.0
IDN_COMvid,0.0,0.0,0.0
IDN_ENRcoa,-0.07424747247900948,0.0004794377442140975,-0.08279018137591954
IDN_ENRgas,0.2774733114514678,-1.380664303357544,-1.3927283603771732
IDN_ENRoil,-0.08053877204247739,0.005121777218570491,-0.07121149885086035
IDN_FD+,0.0,0.0,0.0
IDN_FINser,0.0,0.0,0.0
IDN_MANche,-0.011114122918680002,-0.005883947427536475,-0.005883947427536475
IDN_MANfmp,-0.00731781574806417,-0.0011258178073944858,-0.0011258178073944858
IDN_MANfoo,0.0,0.0,0.0
IDN_MANpap,0.0,0.0,0.0
IDN_MANpla,0.00016875926702721906,0.0,0.0
IDN_MANwoo,0.0,0.0,0.0
IDN_MIN+,0.3308547091504149,0.11028490305012985,0.11028490305012985
IDN_PUB+,0.0,0.0016148879957194882,0.0016148879957194882
IDN_TRAair,-1.9139854141274546,0.0,0.0
IDN_TRDmot,-0.03051582519250826,0.004571025132858573,-0.06426945985412533
IND_ADM+,1.2812335725342476,0.0,0.0
IND_AGRagr,0.005178604619496459,0.0,0.0
IND_CNS+,1.3527774130717531,-0.0053967184032107625,-0.005756499630092098
IND_COMcom,0.028095137196221757,0.02345710385860319,-0.0014681544378076072
IND_COMvid,0.0,0.0,0.0
IND_ENRcoa,0.0,0.0,0.0
IND_ENRele,-0.03257380550235662,0.020980749381206868,-0.0011920880330229628
IND_ENRoil,-0.23560469768799028,0.0036877257029420654,0.08635424354390267
IND_FD+,0.0009770243377026093,0.0,0.0
IND_FINser,-0.03836582386001803,0.02315122246660292,-0.0014160776188676019
IND_MANfoo,0.04538964870800248,0.0,0.0
IND_MANfur,1.9564755256714088,0.0,0.0
IND_MANmet,0.19442962695453236,0.10670875409933958,-0.012083197155366421
IND_MANpha,0.0028683193967380463,0.0,-0.0009561064655799361
IND_MANwoo,127.20553136093,0.0,0.0
IND_MIN+,-0.08929186211366738,0.0,0.0
IND_TRAinl,0.25443253186399856,0.33168750062997493,-0.0064764644474469
IND_TRDmot,0.13269385856719926,-0.0008672801213539719,0.11361369589740603
IRL_ADM+,0.0,0.0,0.0
IRL_CNS+,-0.002434251618742497,-0.0003477502312488366,0.0003477502312488366
IRL_COMcom,0.6342563834705881,0.29091025444661384,-0.2729568130228947
IRL_COMpub,0.0,0.0,0.0
IRL_FINser,0.003674286327898219,0.003853519807307997,0.0032262026293740217
IRL_MANfoo,0.0,0.0006500775562012679,0.0002786046669434127
IRL_MANpha,-1.396827327889819,0.11611127163084096,1.364865202574562
IRL_MANwoo,0.0,0.0,0.0
IRL_PROleg,0.0,-0.034593041516990664,-0.034593041516990664
IRL_RES+,-0.0010922607790299188,-0.0004095977921362825,0.0
IRL_TRDmot,-0.0005241346826827722,0.008211443362027629,0.008648222264263166
ITA_ADM+,0.5129793744694869,0.0011061549853786034,0.6122567844072476
ITA_CNS+,0.07571917653232742,0.005113502830754438,0.006293541945543951
ITA_EDU+,0.0,0.0,0.0
ITA_ENRele,1.2694165195719713,0.10960997659703936,-0.025257484822507482
ITA_ENRgas,0.0,0.0,0.0
ITA_ENRoil,-1.8014986547430047,0.04828578265636695,-0.5202183412250625
ITA_FD+,2.4986898840338996,0.0,2.4986898840338996
ITA_FINser,-0.26835715608640737,-0.025746443019360105,-0.03366842548685534
ITA_MANche,-0.030401868395109364,-0.01471058148150453,-0.016671992345705138
ITA_MANfmp,0.2399385835828981,37.782328961520356,0.0
ITA_MANfoo,-0.2639813657192938,-0.003605599141531883,-0.2660417080858835
ITA_MANmac,-0.47100097804408053,0.48154303963907324,0.02979278276845623
ITA_MANmet,1.2664288522861826,0.015929608606888326,0.16189276208003628
ITA_MANpha,0.0,0.013943796588827875,0.013943796588827875
ITA_MANpla,-1.07248879946679,0.2499550414645148,0.2405582353944203
ITA_MANtex,-0.35855697722734015,0.0,0.003117886758498277
ITA_MANwoo,0.0,0.0,0.0
ITA_PROleg,0.14414822638647548,0.01003229414411348,0.0015840464438069309
ITA_RES+,0.0,0.0,0.0
ITA_TRAinl,0.32970266037578144,0.058362783564021,-0.23917759017029702
ITA_TRDmot,0.14008791513722005,0.08757442525819643,0.29918664856892535
ITA_WATwst,0.0,0.0,0.0
JPN_ADM+,-0.004812501610120603,-0.0012031254025302893,-0.0036093762075903135
JPN_CNS+,-0.0026143127683050773,0.0,0.0
JPN_COMpub,0.0,0.0,0.0
JPN_COMvid,0.0,0.0,0.0
JPN_ENRele,-0.057948710883589355,-0.04139193634542106,-0.11045858685952234
JPN_ENRoil,0.012715767090822516,0.006017889772929351,0.0020059632576432005
JPN_EXT+,0.0,0.0,0.0
JPN_FD+,0.0,0.0,0.0
JPN_FINser,0.0,0.0,0.0
JPN_MANcom,-0.40768001700793155,0.07976078286467594,8.014841406233344
JPN_MANfoo,0.0,0.0,0.0
JPN_MANmac,-0.046435220383018956,0.0008146529891755143,-0.0008146529891758897
JPN_MANmet,0.2722296608663675,0.0,0.0
JPN_MANmot,0.2750279888717331,-0.13175557328356136,9.613593572560417
JPN_MANpha,-0.18713891853973522,0.03651491093458228,-0.025864728578662562
JPN_MANpla,0.11361605489630604,-0.03684845023663973,0.026100985584286533
JPN_MANwoo,0.0,0.0,0.0
JPN_PROleg,0.003141846588290975,0.0,0.0
JPN_RES+,-0.0038838191352268967,0.0,0.0
JPN_TRAinl,0.0,0.0,0.0
JPN_TRDmot,-0.1030398920912065,-0.01928554130049225,5.302401418723975
KOR_AGRagr,-0.002482612271373585,0.0,0.0
KOR_CNS+,-0.7558132809659808,0.0,-0.0008482752872799573
KOR_COMpub,0.0,0.0,0.0
KOR_ENRele,0.15255779683701748,0.0,0.0012608082383224655
KOR_ENRoil,-1.2233067545041298,0.052184513497289135,0.1582606669757437
KOR_FD+,-0.02377758736919658,0.0,0.0003602664752914005
KOR_FINser,1.3117466647094334,0.0,0.0007082865360203183
KOR_MANche,-2.005365098646185,0.08455540453332935,0.23394024197685329
KOR_MANcom,0.9586390939242625,0.0016855192860201584,-0.10049908742898339
KOR_MANfmp,-0.21297940809823857,0.0,0.0
KOR_MANfoo,-0.002266134239443094,0.0,0.0
KOR_MANmac,0.0010971517553132663,0.0010971517553132663,0.0
KOR_MANmet,-0.30601674862440364,0.0,-0.0005746793401395471
KOR_MANmin,0.0,0.0,0.0
KOR_MANmot,-0.0672023418298124,0.0,0.0
KOR_MANpap,0.0,0.0,0.0
KOR_MANpha,0.0,0.0,0.0
KOR_MANpla,0.016388212661616632,-0.0002979675029384593,0.00014898375146926395
KOR_MANtex,-0.3764734830828952,0.0,0.0
KOR_MANwoo,0.0,0.0,0.0
KOR_PROleg,0.29630419252941387,0.0006290959501686433,-0.04969858006332004
KOR_RES+,1.8343526344137762,0.0,0.0
KOR_TRAair,0.0009674788556263076,0.0,0.0
KOR_TRAinl,-0.10799342593059277,0.0006797383221435664,0.0022091495469669037
KOR_TRDmot,0.12488739799977147,0.0005572220769647868,0.0018109717501363272
LTU_ADM+,0.0009747632083448983,0.0009747632083448983,0.0009747632083448983
LTU_AGRagr,-0.000948340114314682,0.0009483401143147912,-0.000474170057157341
LTU_CNS+,0.004018441357529402,-0.00022324674208530968,-0.0013394804525098008
LTU_ENRele,0.007970051488346013,-0.002812959348827954,0.004688265581379995
LTU_ENRoil,1.7066921738434886,-0.16028559836249462,-0.08663256106990581
LTU_MANche,-0.00017817370645696116,-0.00017817370645696116,-0.00017817370645696116
LTU_MANfoo,-0.38467969596737583,-0.0011236992092523114,-0.0016855488138782942
LTU_MANfur,0.0,0.0,0.0
LTU_MANwoo,-0.0010068192888181672,0.0,-0.0010068192888181672
LTU_PROleg,0.0,0.0,0.0
LTU_PUB+,0.0,0.0,0.0
LTU_RES+,0.0004824053048746068,0.0,0.0009648106097494358
LTU_TRAinl,-0.0004428742378051503,0.001328622713415451,0.001328622713415451
LTU_TRAwar,-0.0002683372500471936,0.0016100235002828318,0.0
LTU_TRDmot,-0.004305758139245551,-0.0015296772336792085,-0.001926260220188865
LUX_ADM+,0.0,0.0,-0.0007987788339829492
LUX_CNS+,-0.010497039853443763,0.0,-0.00030873646627767407
LUX_FINser,0.46393242583922967,-0.004349998759504286,0.33586036933847413
LUX_MANmet,0.055949047202550804,0.0,0.0016455602118391943
LUX_MANpla,0.0,0.0,0.0
LUX_PUB+,0.0,0.0,0.0
LUX_RES+,-0.02538864738258048,0.0,-0.0007467249230182064
LUX_TRAair,0.0,0.0,0.0
LUX_TRDmot,-0.0008123188409222709,0.0,0.0012184782613841548
LVA_ADM+,0.7594487165818904,0.0,0.00043949578505903013
LVA_AGRfor,0.0006547099195085248,0.0,0.0006547099195085248
LVA_CNS+,0.8286915179731985,-0.018833898135754437,-0.004035835314804935
LVA_ENRele,0.003543128913762399,-0.0016783242223083602,0.0007459218765813407
LVA_FD+,-0.001508472767108546,0.0,0.0
LVA_FINser,0.0,0.0,0.0
LVA_MANfoo,-0.006327112008121721,-0.002372667003045647,-0.003954445005076074
LVA_MANpri,0.0,0.0,0.0
LVA_MANwoo,1.0708410909902288,0.002699599389052922,0.002399643901377918
LVA_PROleg,0.005206601579903251,0.005206601579903251,0.005206601579903251
LVA_RES+,0.0005964039363217074,-0.0007952052484291874,-0.0007952052484291874
LVA_TRAinl,0.33746002467272274,-0.004030467178500991,-0.00018320305356785854
LVA_TRAwar,0.0,0.0,0.0
LVA_TRDmot,0.09476980066580225,0.0004913180910096921,0.00043672719200897294
MEX_ADM+,0.0006501567596944256,0.0,0.0
MEX_AGRagr,1.6968079505638136,0.0,0.0
MEX_CNS+,1.1043441094883093,-0.0005456245600236983,-0.0005456245600236983
MEX_ENRcoa,0.0,0.0,0.0
MEX_ENRele,-0.0003798344469861381,0.0,0.0
MEX_ENRgas,0.00026819473926037896,0.0,0.0
MEX_ENRoil,-0.06622446454672958,4.6375675452877436e-05,4.6375675452877436e-05
MEX_FD+,0.0,0.0,0.0
MEX_FINser,0.0016075909922535978,0.0,0.0
MEX_MANche,-1.16974421534429,0.0,0.0
MEX_MANfoo,0.003293602714690128,0.0,0.0
MEX_MANmet,-0.0012124554876142032,0.0006062277438071365,0.0006062277438071365
MEX_MANmot,-0.0010211665179963411,9.283331981722703e-05,9.283331981722703e-05
MEX_MANpap,0.0,0.0,0.0
MEX_MANpla,-0.3715330534635521,0.0,0.0
MEX_MANwoo,0.0,0.0,0.0
MEX_PROleg,0.0,0.0,0.0
MEX_PUB+,0.0,0.0,0.0
MEX_RES+,0.6595189741436828,-0.00032584929552573395,-0.00032584929552573395
MEX_TRAinl,0.006654820767156115,0.0001467975169224314,-0.0396842620747342
MEX_TRDmot,0.1029837461731248,0.0003849859670015107,-0.06487013543989434
MLT_ADM+,0.0,0.0,0.0
MLT_CNS+,0.0002894914806854227,0.0,0.0002894914806854227
MLT_ENRele,0.0,0.0,0.0
MLT_FD+,0.0,0.0,0.0
MLT_FINser,0.000432820508686449,0.0,0.0
MLT_MANcom,-0.00028254891079159235,0.0,-0.00028254891079159235
MLT_MANfoo,0.0,0.0,0.0
MLT_MANfur,0.0011844962496074785,0.0,0.0
MLT_MANpri,0.0,0.0,0.0
MLT_PROleg,0.0,0.0,0.0
MLT_PUB+,0.0,0.0,0.0
MLT_TRAwar,0.0,0.0,0.0009306892611576149
MLT_TRDmot,0.0005845510952107248,0.0,0.0
NLD_ADM+,-0.312752120340064,0.09813256535946258,0.15604289405307104
NLD_AGRagr,0.0048712494886060005,0.0006718964811870379,0.0048712494886060005
NLD_CNS+,1.3222496152671892,0.060913802768464996,2.3120989102547376
NLD_COMpub,0.0,0.0,0.0
NLD_ENRoil,-0.0370646058374358,-0.025739309609330248,-0.02779845437807697
NLD_FD+,-0.05675458972932509,0.36890483324061674,0.42565942296994186
NLD_FINser,-0.0054792873788074795,0.00365285825253846,-0.0063925019419422
NLD_HEA+,0.0,0.0,0.0
NLD_MANche,0.04032647622142882,-0.0052451666706925994,0.0008174285720559863
NLD_MANcom,0.0002183801718092287,0.00032757025771384225,0.0009827107731415299
NLD_MANfmp,1.5543601154622355,0.0071850236462051836,1.47133317555054
NLD_MANfoo,0.11791577721346029,0.16211703479522296,-0.21633907437533575
NLD_PROleg,-0.5048068871724173,0.1602597190741616,0.23413937471460886
NLD_PUB+,0.12020384471893564,0.9708772073452514,0.994653792014931
NLD_RES+,0.8090617952323329,0.08363124248046165,1.8488142649472858
NLD_TRAinl,-0.5541186439562414,-0.2579305046477828,0.9478020457870683
NLD_TRAwar,0.29073817864977813,0.0,0.29073817864977813
NLD_TRDmot,-0.17286681821603747,0.14623660452007556,0.9063455488936537
NOR_ADM+,0.21366635906683926,0.0,0.04054981996888816
NOR_AGRfis,-0.157845739046222,-0.07285187955979444,-0.10442102736904019
NOR_CNS+,1.2077632619741967,-0.0017489331472525789,-0.005996342219151962
NOR_COMcom,0.0,0.0,0.0
NOR_COMpub,0.0,0.0,0.0
NOR_ENRele,0.949070731360803,0.949070731360803,0.95218243867674
NOR_ENRgas,2.321727676497248,0.2716370129235188,1.124884747102905
NOR_ENRoil,-0.024342553979484295,-0.010381383314780036,0.02559547955195803
NOR_FD+,9.852198759887322,0.0,1.8697603485917547
NOR_FINser,1.5456128247622225,0.03478276407173649,0.8577281608328517
NOR_HEA+,3.3166247903554,0.0,3.3166247903554
NOR_MANfmp,0.0,0.14170217617853864,-1.8421282903210006
NOR_MANfoo,0.08460362622929814,-0.03384145049171967,-0.01917682194530816
NOR_MANmet,-6.746512784007717,0.055186198642190216,-3.4146460409854997
NOR_MANtra,-0.0075307095711384525,0.0,-0.00806861739764843
NOR_MIN+,1.6904292220930985,0.09860837128876383,1.0880923728415346
NOR_PROleg,0.4218613276847386,0.11210881739653508,-0.5813049790931429
NOR_PUB+,0.0,0.0,0.0
NOR_RES+,1.8143592504168442,0.004904826370426007,0.028362691620292525
NOR_TRAwat,-4.144813771246736,-0.4409142018837328,-1.9648399737566475
NOR_TRDmot,1.290852392973502,0.0025546554924976237,-0.030355318204964725
POL_ADM+,0.0,0.0,0.0
POL_CNS+,-0.06877444359510908,-0.06891254488746895,-0.1414157233762894
POL_ENRele,0.0,0.372208332551996,0.0
POL_ENRoil,0.005011987567280614,0.0060385392376875015,-0.005313914529164978
POL_MANfmp,-1.306079617705782,-0.21031429460971005,-1.2457822551751916
POL_MANfoo,-0.09814085153722343,-0.12659974478325295,0.053791866867781174
POL_MANmet,-0.006928204993818661,-3.571489674313603,-0.06581794744127868
POL_MANmot,-0.022803934954335938,-0.01940362180793021,0.09901462318066073
POL_MANpap,-0.0007627547408103865,-1.5705120113290743,-0.001525509481621476
POL_MANpla,0.01920878250080247,-0.001422872777836783,-0.001422872777836783
POL_MANwoo,0.0,0.0,0.0
POL_PROleg,0.004865459033820403,-0.004054549194850585,0.14758559069255323
POL_RES+,-0.5260775480342121,1.466129768268049,-0.5495239011499439
POL_TRAinl,-1.5447846424944525,-1.4758843698395772,-1.2213586567380381
POL_TRAwar,0.0,0.0,0.0
POL_TRDmot,-0.1333924475697194,-0.009035322377263197,0.06412164267736106
PRT_ADM+,0.0,0.0,0.0
PRT_CNS+,-0.007040511208987963,0.004106964871909465,0.0023468370696619334
PRT_COMpub,0.0,0.0,0.0
PRT_ENRele,0.007804940173554879,0.4536047583217916,-0.0009182282557101486
PRT_ENRoil,0.0,-0.2843982294973084,-0.2843982294973084
PRT_FD+,0.0,0.0,0.0
PRT_FINser,0.0,0.0,0.0
PRT_MANfmp,0.0,-0.0010449958640033781,0.0
PRT_MANfoo,-1.2902127384317748,0.08601418256213153,0.043007091281045955
PRT_MANmet,0.0024073258951083144,0.0,0.0
PRT_MANmin,0.0,0.0018915842012994877,0.0
PRT_MANmot,-0.0031241648607114956,0.0021869154024989684,0.0015620824303557478
PRT_MANpap,-0.005019553883828303,-0.007529330825742459,-0.005019553883828303
PRT_MANpla,0.0,0.0010152749556556866,0.0010152749556556866
PRT_MANpri,0.0,0.0,0.0
PRT_MANwoo,0.0050170071194020486,0.0075255106791027844,0.0050170071194020486
PRT_PROleg,-0.0005568911552226786,0.0,0.0
PRT_PUB+,-0.0032380471588920067,0.0,0.0
PRT_TRAwar,0.0,0.0,0.0
PRT_TRDmot,0.004945744293296803,0.40987855830684566,0.0008242907155504799
PRT_WATwst,0.0,0.0,0.0
ROU_ADM+,0.0,0.0,0.0
ROU_AGRagr,0.0004300651371392425,0.0004300651371392425,0.0004300651371392425
ROU_CNS+,0.0006982774333868922,0.006916271721165794,0.00847908311969838
ROU_ENRele,-0.19921025256073407,-0.12700423238558747,-0.2330183426272366
ROU_ENRoil,-0.0170576401182043,-0.08856851599836868,0.004711725766916544
ROU_FD+,0.01679755460064873,0.0,0.031195458544061614
ROU_MANfoo,0.16034526376079772,0.1215613912988001,0.2952205217256559
ROU_MANmet,-0.022815358931747458,-1.1054041402431647,-0.11692871452520588
ROU_MANwoo,0.0,0.0,0.0
ROU_PROleg,-0.0001258003049279695,0.000251600609855939,-0.0065416158562442124
ROU_TRAinl,0.13522540503946898,0.16807877284330386,0.16796087798276388
ROU_TRDmot,0.008473286696190182,-0.014511720893475015,-0.004236643348094732
RUS_CNS+,0.04821653308210698,-0.0025569373604146517,-0.039815167469316175
RUS_ENRcoa,-0.474144613135356,0.2615947699869829,-0.06083142461023969
RUS_ENRele,-0.06259600554750636,-0.00013825732865271277,3.456433216316227e-05
RUS_ENRgas,1.12631311635212,-0.011878840708076242,-0.24827399008711637
RUS_ENRoil,0.3347663795848223,-0.032109961571076664,-0.08025949607664838
RUS_HEA+,-0.010649558373080476,0.0,0.0
RUS_MANche,-0.0126274115913278,0.0010101929273063823,0.002525482318265723
RUS_MANfoo,-0.0028185637510355147,0.0009395212503453158,0.00046976062517244143
RUS_MANmet,-6.1614051602740005,0.2630475664801237,0.18842494645842692
RUS_MANpap,-0.08906498684137554,-0.0016804714498372833,-0.0016804714498372833
RUS_MANpla,-0.002471332079818627,-0.0012356660399095983,0.0
RUS_MANwoo,-7.203762355860743,0.11153716407899603,-7.430682793124909
RUS_PROleg,-0.7138769784145191,-0.18110423268567474,-0.670734168366518
RUS_PUB+,-0.5798528714792734,0.0006589237175910936,-0.0003294618587943324
RUS_RES+,0.7780140915260552,-0.0020366861034719678,-0.03666034986248416
RUS_TRAinl,-0.15170604483647618,0.12525618051368514,-0.0005639629919571929
RUS_TRDmot,-0.5134116474912404,-0.1167278619924979,-0.4652431892450043
RoW_AGRagr,0.23823403731718673,0.017250561898759845,-0.04356711253263551
RoW_AGRfor,-0.0005523638526862348,0.00013809096317181322,0.00013809096317181322
RoW_CNS+,0.35296793841973184,-2.8172786609368066,-3.428586932809371
RoW_COMcom,0.0,0.0,0.0
RoW_COMpub,2.4670969165646293,-0.5471227826920618,0.03259454875612268
RoW_COMvid,0.018841575982831253,-0.0014493519986788477,-0.0024155866644656365
RoW_ENRcoa,0.16338204931584838,0.4637387585688357,1.3624337838511331
RoW_ENRele,0.0361266627718461,0.04149654738929273,0.031520786128426466
RoW_ENRgas,0.2170156409846515,0.1185630669763562,-1.2481158828544188
RoW_ENRoil,0.11675156543107278,0.1807019103925067,0.36004354150338946
RoW_FINser,0.42232928242079004,-0.02902417672527881,0.38044368141203444
RoW_HEA+,0.0,0.0,0.0
RoW_MANche,0.08011099440671249,0.011595012348340004,0.011595012348340004
RoW_MANcom,-0.41966219682280465,-0.31672588871824064,-0.15438080588870443
RoW_MANfoo,0.0003176096575535255,0.0003176096575535255,-0.006352193151072851
RoW_MANmet,2.4672113332023757,-0.00024018022518760226,-0.0012009011259381096
RoW_MANpha,-0.8946922707997903,0.0033793853476858206,0.05322531922605002
RoW_MANtex,0.09418931585848847,-0.002683934200776258,0.06022077362991503
RoW_MANwoo,0.0012039788554422102,0.0,0.0
RoW_MIN+,0.14776903667220387,0.4542586774526522,1.3372943571405789
RoW_PROleg,2.5375641253429757,0.019735338666441272,0.05863397719739764
RoW_PUB+,1.8321552791242377,4.7355581869459575,4.7355581869459575
RoW_RES+,0.3276940722404936,-2.8121959916448565,-3.3981729762015678
RoW_TRAair,0.0,0.0,0.0
RoW_TRAwar,0.055330855230833025,-0.0028868272294347744,-0.06447247479071055
RoW_TRDmot,1.0425335588840396,-0.16611815143839706,-0.4407625114483785
SVK_CNS+,-0.0021404756249174756,-0.0003567459374861363,0.0
SVK_ENRele,0.00012723056041224714,0.17061618151287647,0.08333601707004774
SVK_ENRoil,0.4787135538782472,0.0,0.4787135538782472
SVK_MANfmp,1.4979783321709632,-1.4142677783143502,0.06094715763244603
SVK_MANfoo,0.0,0.0,0.0
SVK_MANmet,0.7606515953028447,-0.7747589181229977,0.009150695883342544
SVK_MANmot,0.0008813887613453264,0.0017275219722375469,0.0013749664676992082
SVK_MANwoo,-1.1443442705426587,0.0,0.0
SVK_PROleg,0.00020038064567744988,0.00020038064567744988,0.00040076129135563837
SVK_PUB+,0.0,0.0,0.0
SVK_RES+,-0.0004953091202029907,-0.0004953091202029907,-0.0004953091202029907
SVK_TRAinl,-0.0019384198160941038,-0.001550735852875426,0.0034891556689691725
SVK_TRAwar,0.0,0.0,0.0
SVK_TRDmot,-0.31502895754610244,0.31173924690042265,-0.005639503964027116
SVN_ADM+,0.0,0.0,0.0
SVN_CNS+,5.421893798701991,0.05571085582086691,0.5113123462203281
SVN_ENRele,-0.0003016918498914814,0.0,0.0
SVN_EXT+,0.0,0.0,0.0
SVN_FD+,0.0,0.0,0.0
SVN_MANfmp,2.631378965614394,0.04862429256756451,0.2690770875417198
SVN_MANfoo,0.0,0.0,0.0
SVN_MANmet,1.233890181600139,-0.10664073907625131,-0.09594323546985642
SVN_MANmot,-1.136420654464943,0.08995251588608319,0.08995251588608319
SVN_MANwoo,0.0,0.0,0.0
SVN_PROleg,4.129293434957982,0.04299079880886704,0.3930846456490053
SVN_TRAinl,-1.9091958467387595,-0.02114708599086482,-0.18218382415145923
SVN_TRAwar,0.0,0.0,0.0
SVN_TRDmot,-1.5008119761461616,0.03283144126847577,0.024906610617466872
SWE_ADM+,-0.0010274885624180653,0.0010274885624180653,0.0010274885624180653
SWE_AGRfor,0.04508322818257724,0.0011270807045640804,0.0
SWE_CNS+,-0.08519182576855076,-0.000546568599883804,0.0020405227728994544
SWE_COMpub,0.0,0.0,0.0
SWE_ENRoil,0.0004344251609081018,-0.0010860629022702482,-0.00021721258045404463
SWE_FD+,0.019331083476860425,0.0,0.0
SWE_HEA+,0.0,0.0,0.0
SWE_MANfmp,-0.28776417199209436,-0.5312569329084823,-0.43718018437260514
SWE_MANfoo,0.0,0.0,0.0
SWE_MANmet,1.5572214346142994,0.002127933089114259,-0.801805187978503
SWE_MANmot,0.8205561530044857,-0.005382300347674153,-0.0009786000632136054
SWE_MANpap,1.1009203056231889,0.12483799508208127,0.07624333927831768
SWE_MANwoo,-1.9949865260284445,0.0053294386269682175,0.10125933391239654
SWE_PROleg,-0.24377619262415354,0.008853358346991963,0.15647796148172002
SWE_PUB+,0.00794725717313584,0.0,0.0
SWE_RES+,-0.1403554337660342,-0.00912392270880787,0.06709088075698337
SWE_TRAinl,0.34918403178443935,-0.280529358868488,-0.34554669812001754
SWE_TRAwar,-1.1687160516718194,-0.15662778768869048,-0.09505116403271437
SWE_TRDmot,0.3413429935900602,-0.04836735451341632,-0.09852278128241122
TUR_ADM+,-0.0025535983403899526,2.6212686964111027,2.619991897240908
TUR_AGRagr,-0.012734027986732684,8.71856449491631,8.714319818920732
TUR_CNS+,-0.4347942567018616,-1.0417231481547746,-1.2307740683926507
TUR_ENRele,0.09590078999723207,2.2499761281008395,2.790918124299132
TUR_ENRoil,0.09931529727724658,-0.00030987612254991016,-0.0003615221429749269
TUR_FD+,-0.002553296241909225,2.6209585923206355,2.619681944199681
TUR_MANfoo,-0.002731803870191413,2.804196672752359,2.802830770817263
TUR_MANmet,0.7055588916098803,-5.365307241853529,-6.654038400336105
TUR_MANpap,-0.007782914676256372,0.04864321672660356,0.04864321672660356
TUR_MANpla,0.0031639242240630813,-2.165178810667177,-2.165178810667177
TUR_MANtex,-0.045294976473254964,0.0022095110474761996,-0.03866644333082738
TUR_MANwoo,0.0,0.0,0.0
TUR_PROleg,0.0,0.0,0.0
TUR_RES+,0.0012503664685797207,3.4381951969781572,3.713901003300072
TUR_TRAinl,0.005227497953848795,0.0025837058852355658,0.0035450848192768608
TUR_TRDmot,0.48513399021530335,3.2122345145853655,3.4280676346002616
TUR_WATwst,0.0005771294090461946,-7.5257674939785915,-8.034795632758431
USA_ADM+,0.023760523668373522,0.8581347748693914,0.8699033101032573
USA_AGRagr,0.0,0.0,0.0
USA_CNS+,-0.42812199053194316,0.13053785450959618,0.5972278475102838
USA_COMpub,-9.440422582605581e-05,0.0,-0.0006608295807851745
USA_EDU+,0.0,0.0,0.0
USA_ENRcoa,-0.3483733497106576,0.01076434507532957,0.19669394183101757
USA_ENRele,0.0026176418047103673,0.0,0.0
USA_ENRgas,0.11852485962299017,0.0064916442549693264,0.16480400092454622
USA_ENRoil,0.019351540633010388,0.201049422505379,0.24331979845036805
USA_FD+,-0.37062304324379697,0.001581156327831989,0.001581156327831989
USA_FINser,-0.41709138635909376,0.14144004779547872,0.8187892417629345
USA_HEA+,-1.578748292203773,0.12592397092577678,1.5547575093320474
USA_MANche,0.7972988957368914,0.0011104441444802604,0.0011104441444802604
USA_MANcom,-0.4441162186121977,-0.2602464465753007,-0.05823279438908918
USA_MANfmp,0.0006215686092207387,-0.0009323529138311797,-0.0009323529138311797
USA_MANfoo,-0.3006707406979573,0.0,0.0
USA_MANmac,0.48347419278421977,0.0,1.7711108476405097
USA_MANmet,-0.5197838154762994,0.00048502377804957096,0.022957792161006074
USA_MANmot,-2.287829412731548,-0.21859755183594595,1.1576172458223377
USA_MANpap,-0.16291319490635034,0.0,-0.0007208548447184717
USA_MANpha,0.11489399165450799,-0.13584524895621278,-0.17132721696716402
USA_MANpla,0.0,0.0,0.0
USA_MANtra,-0.05468411833697167,0.7379241845745307,0.7962206934166781
USA_MANwoo,-132.24329178271765,0.0,0.0
USA_MIN+,-0.8208947219301193,0.010470595942986091,0.8208947219301194
USA_PROleg,-0.7074449078708639,0.007527335453511815,0.2951114297005622
USA_PUB+,-0.8415627592318236,0.26571520011747896,1.03032053537001
USA_RES+,-0.4795536444483618,0.15192962553869618,0.6560324592567067
USA_TRAinl,-0.34795095826446265,0.010766415023654517,0.19673176543222795
USA_TRAwar,0.11217367323612244,0.0,0.0
USA_TRDmot,-3.1512161349575063,-0.2937961029821895,1.5644328387135056
USA_WATwst,0.0,0.0,0.0
